label_A,label_B,ks-statistic,ks-pvalue
No,Yes,0.3736842105263158,0.10846042853587466
No,not provided,0.2,0.9490959481963978
Yes,not provided,0.5263157894736842,0.038719701088516675
