label_A,label_B,ks-statistic,ks-pvalue
No,Yes,0.3,0.24244968766417713
No,not provided,0.3,0.5691054572613793
No,Monte Carlo unfocused (n=20),0.1,0.9999923931635496
Yes,not provided,0.38421052631578945,0.22055975009498252
Yes,Monte Carlo unfocused (n=20),0.24210526315789474,0.49899220828272434
not provided,Monte Carlo unfocused (n=20),0.2,0.9490959481963978
