label_A,label_B,ks-statistic,ks-pvalue
No,Yes,0.3736842105263158,0.10846042853587466
No,not provided,0.2,0.9490959481963978
No,Monte Carlo unfocused (n=19),0.1736842105263158,0.8673789655460109
Yes,not provided,0.5263157894736842,0.038719701088516675
Yes,Monte Carlo unfocused (n=19),0.21052631578947367,0.808061649945869
not provided,Monte Carlo unfocused (n=19),0.32105263157894737,0.4284161615495948
