filename	group	mean	std	entropy	gini	cv	ranking
example.G000436435.G000436435.dog.position-plot-1_10000th-scale.tsv	not provided	2.3797779076563415	1.2712124181901823	2.211601059216451	0.2836113044951823	0.5341727117057326	1.0
example.G000154205.G000154205.dog.position-plot-1_10000th-scale.tsv	Yes	5.037603435634231	2.1733848133474902	3.0811049270732442	0.2359650037495746	0.4314322953596808	2.0
