label_A,label_B,ks-statistic,ks-pvalue
No,Yes,0.3,0.24244968766417713
No,not provided,0.3,0.5691054572613793
Yes,not provided,0.38421052631578945,0.22055975009498252
